Workbook

Sheet IMPLEMENTASI MRP
B6: MASTER PRODUCTION SCHEDULE (MPS) | D6: PD | E6: Minggu 1 | F6: Minggu 2 | G6: Minggu 3 | H6: Minggu 4 | I6: Minggu 5 | J6: Minggu 6 | K6: Minggu 7 | L6: Satuan | M6: Keterangan
B7: Demand / Pesanan (pcs) | D7: 100 | E7: 100 | F7: 100 | G7: 100 | H7: 100 | I7: 100 | J7: 100 | K7: 100 | L7: pcs | M7: Data permintaan / pesanan produksi
B8: MPS / Produksi (pcs) | D8: =D7 -> 100 | E8: =E7 -> 100 | F8: =F7 -> 100 | G8: =G7 -> 100 | H8: =H7 -> 100 | I8: =I7 -> 100 | J8: =J7 -> 100 | K8: =K7 -> 100 | L8: pcs | M8: Rencana produksi = memenuhi demand
B10: Komponen MRP LT: 1 minggu | D10: Minggu 0 | E10: Minggu 1 | F10: Minggu 2 | G10: Minggu 3 | H10: Minggu 4 | I10: Minggu 5 | J10: Minggu 6 | K10: Minggu 7 | L10: Satuan | M10: Keterangan / Rumus
B11: GR | C11: Gross Requirement (Kebutuhan Kotor) | E11: =E8*0.5 -> 50 | F11: =F8*0.5 -> 50 | G11: =G8*0.5 -> 50 | H11: =H8*0.5 -> 50 | I11: =I8*0.5 -> 50 | J11: =J8*0.5 -> 50 | K11: =K8*0.5 -> 50 | L11: kg | M11: GR = MPS × BOM = Produksi × 0,5 kg/pcs
B12: SR | C12: Scheduled Receipts (Penerimaan Terjadwal) | E12: 10 | F12: 0 | G12: 0 | H12: 0 | I12: 0 | J12: 0 | K12: 0 | L12: kg | M12: SR =Bahan baku yang sudah di pesan/dijadwalkan tiba
B13: PoH | C13: Projected On Hand (Persediaan Awal Periode) | D13: 20 | E13: =D13+E12+E15-E11 -> 0 | F13: =E13+F12+F15-F11 -> 0 | G13: =F13+G12+G15-G11 -> 0 | H13: =G13+H12+H15-H11 -> 0 | I13: =H13+I12+I15-I11 -> 0 | J13: =I13+J12+J15-J11 -> 0 | K13: =J13+K12+K15-K11 -> 0 | L13: kg | M13: PoH minggu ini = sisa stok minggu/periode kemarin
B14: NR | C14: Net Requirement (Kebutuhan Bersih) | E14: =MAX(0,E11-(D13+E12)) -> 20 | F14: =MAX(0,F11-(E13+F12)) -> 50 | G14: =MAX(0,G11-(F13+G12)) -> 50 | H14: =MAX(0,H11-(G13+H12)) -> 50 | I14: =MAX(0,I11-(H13+I12)) -> 50 | J14: =MAX(0,J11-(I13+J12)) -> 50 | K14: =MAX(0,K11-(J13+K12)) -> 50 | L14: kg | M14: NR = GR - PoH − SR + SS, dengan syarat min 0
B15: PORt | C15: Planned Order Receipt (Penerimaan Terencana) | E15: =D16 -> 20 | F15: =E16 -> 50 | G15: =F16 -> 50 | H15: =G16 -> 50 | I15: =H16 -> 50 | J15: =I16 -> 50 | K15: =J16 -> 50 | L15: kg | M15: PORt M(t) = Jumlah barang yang masuk yang sudah direncanakan dengan LT = 1 minggu
B16: PORel | C16: Planned Order Release (Pelepasan Pesanan Terencana) | D16: =E14 -> 20 | E16: =F14 -> 50 | F16: =G14 -> 50 | G16: =H14 -> 50 | H16: =I14 -> 50 | I16: =J14 -> 50 | J16: =K14 -> 50 | K16: 0 | L16: kg | M16: PORel = NR (Lot-for-Lot); Pesanan yang dikirim ke supplier

Sheet IMPLEMENTASI AQL
B4: No. | C4: Tanggal Masuk | D4: Kode Material | E4: Vendor | F4: Jumlah Barang Masuk (bal) | G4: Ukuran Sampel (n) | H4: Kode Sampel | I4: Ac ≤ | J4: Re > | K4: Cacat Ditemukan | L4: Deskripsi Defect | M4: Foto Bukti? | N4: Hasil AQL 2.5 | O4: Keputusan (LOLOS/RETUR/HOLD) | P4: Validasi Supervisor | Q4: Hasil Akhir | R4: Jadwal di Kontrak PO | S4: Tanggal Barang Sampai | T4: Lead Time Pengiriman | U4: Status Pengiriman | V4: Keterangan
B5: 1 | C5: 1 Juni 2026 | D5: K-1-PUTIH | E5: SURYA SANTOSA | F5: 10 | G5: 3 | H5: B | I5: =IF(H5="","",IFERROR(VLOOKUP(H5,$AD$6:$AF$17,2,0),"?")) -> 0 | J5: =IF(H5="","",IFERROR(VLOOKUP(H5,$AD$6:$AF$17,3,0),"?")) -> 1 | K5: 0 | L5: - | M5: - | N5: =IF(K5="","",IF(K5<=I5,"LOLOS",IF(K5>=J5,"RETURN","HOLD"))) -> LOLOS | O5: LOLOS | P5: LOLOS | Q5: LOLOS | R5: 1 Mei 2026 | S5: =C5 -> 1 Juni 2026 | T5: 5 | U5: =IF(S5="","",IF(S5<=R5,"TEPAT WAKTU","DELAY")) -> TEPAT WAKTU
B6: =1+B5 -> 2 | C6: 10 Juni 2026 | D6: K-1-HITAM | E6: SURYA SANTOSA | F6: 50 | G6: 8 | H6: D | I6: =IF(H6="","",IFERROR(VLOOKUP(H6,$AD$6:$AF$17,2,0),"?")) -> 0 | J6: =IF(H6="","",IFERROR(VLOOKUP(H6,$AD$6:$AF$17,3,0),"?")) -> 1 | K6: 1 | L6: Robek 10 cm | M6: Terlampir | N6: =IF(K6="","",IF(K6<=I6,"LOLOS",IF(K6>=J6,"RETURN","HOLD"))) -> RETURN | O6: HOLD | P6: LOLOS | Q6: LOLOS | R6: 9 Juni 2026 | S6: =C6 -> 10 Juni 2026 | T6: 2 | U6: =IF(S6="","",IF(S6<=R6,"TEPAT WAKTU","DELAY")) -> TEPAT WAKTU | Z6: Ukuran Lot (unit) | AA6: Ukuran Sampel | AB6: Kode Material | AC6: Vendor | AD6: Kode Sampel | AE6: Ac ≤ | AF6: Re > | AG6: Keputusan | AH6: Hasil Akhir
B7: =1+B6 -> 3 | C7: 15 Juni 2026 | D7: K-1-ABU-ABU | E7: FOCUS TEKSTIL | F7: 25 | G7: 5 | H7: C | I7: =IF(H7="","",IFERROR(VLOOKUP(H7,$AD$6:$AF$17,2,0),"?")) -> 0 | J7: =IF(H7="","",IFERROR(VLOOKUP(H7,$AD$6:$AF$17,3,0),"?")) -> 1 | K7: 2 | L7: warna tidak sesuai | M7: Terlampir | N7: =IF(K7="","",IF(K7<=I7,"LOLOS",IF(K7>=J7,"RETURN","HOLD"))) -> RETURN | O7: HOLD | P7: RETURN | Q7: RETURN | R7: 14 Juni 2026 | S7: =C7 -> 15 Juni 2026 | T7: 6 | U7: =IF(S7="","",IF(S7<=R7,"TEPAT WAKTU","DELAY")) -> DELAY | Z7: 2 – 8 | AA7: 2 | AB7: K-1-PUTIH | AC7: SURYA SANTOSA | AD7: A | AE7: 0 | AF7: 1 | AG7: LOLOS | AH7: LOLOS
B8: =1+B7 -> 4 | C8: 16 Juni 2026 | D8: K-1-PUTIH | E8: FOCUS TEKSTIL | F8: 40 | G8: 8 | H8: D | I8: =IF(H8="","",IFERROR(VLOOKUP(H8,$AD$6:$AF$17,2,0),"?")) -> 0 | J8: =IF(H8="","",IFERROR(VLOOKUP(H8,$AD$6:$AF$17,3,0),"?")) -> 1 | K8: 0 | L8: - | M8: - | N8: =IF(K8="","",IF(K8<=I8,"LOLOS",IF(K8>=J8,"RETURN","HOLD"))) -> LOLOS | O8: LOLOS | P8: LOLOS | Q8: LOLOS | R8: 17 Juni 2026 | S8: =C8 -> 16 Juni 2026 | T8: 4 | U8: =IF(S8="","",IF(S8<=R8,"TEPAT WAKTU","DELAY")) -> TEPAT WAKTU | Z8: 9 – 15 | AA8: 3 | AB8: K-1-HITAM | AC8: FOCUS TEKSTIL | AD8: B | AE8: 0 | AF8: 1 | AG8: RETURN | AH8: RETURN
B9: =1+B8 -> 5 | C9: 17 Juni 2026 | D9: K-1-HITAM | E9: D&D TEKSTIL | F9: 10 | G9: 3 | H9: B | I9: =IF(H9="","",IFERROR(VLOOKUP(H9,$AD$6:$AF$17,2,0),"?")) -> 0 | J9: =IF(H9="","",IFERROR(VLOOKUP(H9,$AD$6:$AF$17,3,0),"?")) -> 1 | K9: 0 | L9: - | M9: - | N9: =IF(K9="","",IF(K9<=I9,"LOLOS",IF(K9>=J9,"RETURN","HOLD"))) -> LOLOS | O9: LOLOS | P9: LOLOS | Q9: LOLOS | R9: 16 Juni 2026 | S9: =C9 -> 17 Juni 2026 | T9: 3 | U9: =IF(S9="","",IF(S9<=R9,"TEPAT WAKTU","DELAY")) -> DELAY | Z9: 16 – 25 | AA9: 5 | AB9: K-1-ABU-ABU | AC9: D&D TEKSTIL | AD9: C | AE9: 0 | AF9: 1 | AG9: HOLD
B10: =1+B9 -> 6 | C10: 18 Juni 2026 | D10: K-1-ABU-ABU | E10: FOCUS TEKSTIL | F10: 20 | G10: 5 | H10: C | I10: =IF(H10="","",IFERROR(VLOOKUP(H10,$AD$6:$AF$17,2,0),"?")) -> 0 | J10: =IF(H10="","",IFERROR(VLOOKUP(H10,$AD$6:$AF$17,3,0),"?")) -> 1 | K10: 1 | L10: banyak benang putus | M10: Terlampir | N10: =IF(K10="","",IF(K10<=I10,"LOLOS",IF(K10>=J10,"RETURN","HOLD"))) -> RETURN | O10: HOLD | P10: RETURN | Q10: RETURN | R10: 17 Juni 2026 | S10: =C10 -> 18 Juni 2026 | T10: 5 | U10: =IF(S10="","",IF(S10<=R10,"TEPAT WAKTU","DELAY")) -> DELAY | Z10: 26 – 50 | AA10: 8 | AD10: D | AE10: 0 | AF10: 1
B11: =1+B10 -> 7 | C11: 19 Juni 2026 | D11: K-1-PUTIH | E11: FOCUS TEKSTIL | F11: 30 | G11: 8 | H11: D | I11: =IF(H11="","",IFERROR(VLOOKUP(H11,$AD$6:$AF$17,2,0),"?")) -> 0 | J11: =IF(H11="","",IFERROR(VLOOKUP(H11,$AD$6:$AF$17,3,0),"?")) -> 1 | K11: 1 | L11: banyak benang longgar | M11: Terlampir | N11: =IF(K11="","",IF(K11<=I11,"LOLOS",IF(K11>=J11,"RETURN","HOLD"))) -> RETURN | O11: HOLD | P11: RETURN | Q11: RETURN | R11: 19 Juni 2026 | S11: =C11 -> 19 Juni 2026 | T11: 2 | U11: =IF(S11="","",IF(S11<=R11,"TEPAT WAKTU","DELAY")) -> TEPAT WAKTU | Z11: 51 – 90 | AA11: 13 | AD11: E | AE11: 0 | AF11: 1
B12: =1+B11 -> 8 | C12: 25 Juni 2026 | D12: K-1-PUTIH | E12: D&D TEKSTIL | F12: 40 | G12: 8 | H12: D | I12: =IF(H12="","",IFERROR(VLOOKUP(H12,$AD$6:$AF$17,2,0),"?")) -> 0 | J12: =IF(H12="","",IFERROR(VLOOKUP(H12,$AD$6:$AF$17,3,0),"?")) -> 1 | K12: 0 | L12: - | M12: - | N12: =IF(K12="","",IF(K12<=I12,"LOLOS",IF(K12>=J12,"RETURN","HOLD"))) -> LOLOS | O12: LOLOS | P12: LOLOS | Q12: LOLOS | R12: 24 Juni 2026 | S12: =C12 -> 25 Juni 2026 | T12: 7 | U12: =IF(S12="","",IF(S12<=R12,"TEPAT WAKTU","DELAY")) -> DELAY | Z12: 91 – 150 | AA12: 20 | AD12: F | AE12: 1 | AF12: 2
B13: =1+B12 -> 9 | C13: 27 Juni 2026 | D13: K-1-HITAM | E13: D&D TEKSTIL | F13: 20 | G13: 5 | H13: C | I13: =IF(H13="","",IFERROR(VLOOKUP(H13,$AD$6:$AF$17,2,0),"?")) -> 0 | J13: =IF(H13="","",IFERROR(VLOOKUP(H13,$AD$6:$AF$17,3,0),"?")) -> 1 | K13: 1 | L13: banyak tinta | M13: Terlampir | N13: =IF(K13="","",IF(K13<=I13,"LOLOS",IF(K13>=J13,"RETURN","HOLD"))) -> RETURN | O13: HOLD | P13: LOLOS | Q13: LOLOS | R13: 28 Juni 2026 | S13: =C13 -> 27 Juni 2026 | T13: 5 | U13: =IF(S13="","",IF(S13<=R13,"TEPAT WAKTU","DELAY")) -> TEPAT WAKTU | Z13: 151 – 280 | AA13: 32 | AD13: G | AE13: 2 | AF13: 3
B14: =1+B13 -> 10 | C14: 28 Juni 2026 | D14: K-1-PUTIH | E14: FOCUS TEKSTIL | F14: 45 | G14: 8 | H14: D | I14: =IF(H14="","",IFERROR(VLOOKUP(H14,$AD$6:$AF$17,2,0),"?")) -> 0 | J14: =IF(H14="","",IFERROR(VLOOKUP(H14,$AD$6:$AF$17,3,0),"?")) -> 1 | K14: 0 | L14: - | M14: - | N14: =IF(K14="","",IF(K14<=I14,"LOLOS",IF(K14>=J14,"RETURN","HOLD"))) -> LOLOS | O14: LOLOS | P14: LOLOS | Q14: LOLOS | R14: 28 Juni 2026 | S14: =C14 -> 28 Juni 2026 | T14: 2 | U14: =IF(S14="","",IF(S14<=R14,"TEPAT WAKTU","DELAY")) -> TEPAT WAKTU | Z14: 281 – 500 | AA14: 50 | AD14: H | AE14: 3 | AF14: 4
B15: =1+B14 -> 11 | I15: =IF(H15="","",IFERROR(VLOOKUP(H15,$AD$6:$AF$17,2,0),"?")) | J15: =IF(H15="","",IFERROR(VLOOKUP(H15,$AD$6:$AF$17,3,0),"?")) | N15: =IF(K15="","",IF(K15<=I15,"LOLOS",IF(K15>=J15,"RETUR","HOLD"))) | Z15: 501 – 1.200 | AA15: 80 | AD15: J | AE15: 5 | AF15: 6
B16: =1+B15 -> 12 | I16: =IF(H16="","",IFERROR(VLOOKUP(H16,$AD$6:$AF$17,2,0),"?")) | J16: =IF(H16="","",IFERROR(VLOOKUP(H16,$AD$6:$AF$17,3,0),"?")) | N16: =IF(K16="","",IF(K16<=I16,"LOLOS",IF(K16>=J16,"RETUR","HOLD"))) | Z16: 1.201 – 3.200 | AA16: 125 | AD16: K | AE16: 7 | AF16: 8
B17: =1+B16 -> 13 | I17: =IF(H17="","",IFERROR(VLOOKUP(H17,$AD$6:$AF$17,2,0),"?")) | J17: =IF(H17="","",IFERROR(VLOOKUP(H17,$AD$6:$AF$17,3,0),"?")) | N17: =IF(K17="","",IF(K17<=I17,"LOLOS",IF(K17>=J17,"RETUR","HOLD"))) | Z17: 3.201 – 10.000 | AA17: 200 | AD17: L | AE17: 10 | AF17: 11
B18: =1+B17 -> 14 | I18: =IF(H18="","",IFERROR(VLOOKUP(H18,$AD$6:$AF$17,2,0),"?")) | J18: =IF(H18="","",IFERROR(VLOOKUP(H18,$AD$6:$AF$17,3,0),"?")) | N18: =IF(K18="","",IF(K18<=I18,"LOLOS",IF(K18>=J18,"RETUR","HOLD")))
B19: =1+B18 -> 15 | I19: =IF(H19="","",IFERROR(VLOOKUP(H19,$AD$6:$AF$17,2,0),"?")) | J19: =IF(H19="","",IFERROR(VLOOKUP(H19,$AD$6:$AF$17,3,0),"?")) | N19: =IF(K19="","",IF(K19<=I19,"LOLOS",IF(K19>=J19,"RETUR","HOLD")))
B20: =1+B19 -> 16 | I20: =IF(H20="","",IFERROR(VLOOKUP(H20,$AD$6:$AF$17,2,0),"?")) | J20: =IF(H20="","",IFERROR(VLOOKUP(H20,$AD$6:$AF$17,3,0),"?")) | N20: =IF(K20="","",IF(K20<=I20,"LOLOS",IF(K20>=J20,"RETUR","HOLD")))
B21: =1+B20 -> 17 | I21: =IF(H21="","",IFERROR(VLOOKUP(H21,$AD$6:$AF$17,2,0),"?")) | J21: =IF(H21="","",IFERROR(VLOOKUP(H21,$AD$6:$AF$17,3,0),"?")) | N21: =IF(K21="","",IF(K21<=I21,"LOLOS",IF(K21>=J21,"RETUR","HOLD")))
B22: =1+B21 -> 18 | I22: =IF(H22="","",IFERROR(VLOOKUP(H22,$AD$6:$AF$17,2,0),"?")) | J22: =IF(H22="","",IFERROR(VLOOKUP(H22,$AD$6:$AF$17,3,0),"?")) | N22: =IF(K22="","",IF(K22<=I22,"LOLOS",IF(K22>=J22,"RETUR","HOLD")))
B23: =1+B22 -> 19 | I23: =IF(H23="","",IFERROR(VLOOKUP(H23,$AD$6:$AF$17,2,0),"?")) | J23: =IF(H23="","",IFERROR(VLOOKUP(H23,$AD$6:$AF$17,3,0),"?")) | N23: =IF(K23="","",IF(K23<=I23,"LOLOS",IF(K23>=J23,"RETUR","HOLD")))
B24: =1+B23 -> 20 | I24: =IF(H24="","",IFERROR(VLOOKUP(H24,$AD$6:$AF$17,2,0),"?")) | J24: =IF(H24="","",IFERROR(VLOOKUP(H24,$AD$6:$AF$17,3,0),"?")) | N24: =IF(K24="","",IF(K24<=I24,"LOLOS",IF(K24>=J24,"RETUR","HOLD")))
B25: =1+B24 -> 21 | I25: =IF(H25="","",IFERROR(VLOOKUP(H25,$AD$6:$AF$17,2,0),"?")) | J25: =IF(H25="","",IFERROR(VLOOKUP(H25,$AD$6:$AF$17,3,0),"?")) | N25: =IF(K25="","",IF(K25<=I25,"LOLOS",IF(K25>=J25,"RETUR","HOLD")))
B26: =1+B25 -> 22 | I26: =IF(H26="","",IFERROR(VLOOKUP(H26,$AD$6:$AF$17,2,0),"?")) | J26: =IF(H26="","",IFERROR(VLOOKUP(H26,$AD$6:$AF$17,3,0),"?")) | N26: =IF(K26="","",IF(K26<=I26,"LOLOS",IF(K26>=J26,"RETUR","HOLD")))
B27: =1+B26 -> 23 | I27: =IF(H27="","",IFERROR(VLOOKUP(H27,$AD$6:$AF$17,2,0),"?")) | J27: =IF(H27="","",IFERROR(VLOOKUP(H27,$AD$6:$AF$17,3,0),"?")) | N27: =IF(K27="","",IF(K27<=I27,"LOLOS",IF(K27>=J27,"RETUR","HOLD")))
B28: =1+B27 -> 24 | I28: =IF(H28="","",IFERROR(VLOOKUP(H28,$AD$6:$AF$17,2,0),"?")) | J28: =IF(H28="","",IFERROR(VLOOKUP(H28,$AD$6:$AF$17,3,0),"?")) | N28: =IF(K28="","",IF(K28<=I28,"LOLOS",IF(K28>=J28,"RETUR","HOLD")))
B29: =1+B28 -> 25 | I29: =IF(H29="","",IFERROR(VLOOKUP(H29,$AD$6:$AF$17,2,0),"?")) | J29: =IF(H29="","",IFERROR(VLOOKUP(H29,$AD$6:$AF$17,3,0),"?")) | N29: =IF(K29="","",IF(K29<=I29,"LOLOS",IF(K29>=J29,"RETUR","HOLD")))
B30: =1+B29 -> 26
B31: =1+B30 -> 27
B32: =1+B31 -> 28
B33: =1+B32 -> 29
B34: =1+B33 -> 30
B35: =1+B34 -> 31
B36: =1+B35 -> 32
B37: =1+B36 -> 33
B38: =1+B37 -> 34
B39: =1+B38 -> 35
B40: =1+B39 -> 36
B41: =1+B40 -> 37
... B50: =1+B49 -> 46

Sheet DATA RIWAYAT VENDOR
B4: Vendor | C4: Jumlah Pemasanan | D4: Jumlah Return | E4: Jumlah Pengiriman | F4: Total Pengiriman Delay | G4: Harga (Rp/kg) | H4: Lead time pengiriman
B5: SURYA SANTOSA | C5: =COUNTIF('IMPLEMENTASI AQL'!$E$5:$E$29,"SURYA SANTOSA") -> 2 | D5: =COUNTIFS('IMPLEMENTASI AQL'!$E$5:$E$29,B5,'IMPLEMENTASI AQL'!$Q$5:$Q$29,"RETURN") -> 0 | E5: =COUNTIF('IMPLEMENTASI AQL'!E5:E29,"SURYA SANTOSA") -> 2 | F5: =COUNTIFS('IMPLEMENTASI AQL'!E5:E29,"SURYA SANTOSA",'IMPLEMENTASI AQL'!U5:U29,"DELAY") -> 0 | G5: 75 | H5: =ROUND(AVERAGEIF('IMPLEMENTASI AQL'!$E$5:$E$29,B5,'IMPLEMENTASI AQL'!$T$5:$T$29),2) -> 3.5
B6: FOCUS TEKSTIL | C6: =COUNTIF('IMPLEMENTASI AQL'!$E$5:$E$29,"FOCUS TEKSTIL") -> 5 | D6: =COUNTIFS('IMPLEMENTASI AQL'!$E$5:$E$29,B6,'IMPLEMENTASI AQL'!$Q$5:$Q$29,"RETURN") -> 3 | E6: =COUNTIF('IMPLEMENTASI AQL'!E5:E29,"FOCUS TEKSTIL") -> 5 | F6: =COUNTIFS('IMPLEMENTASI AQL'!E5:E29,"FOCUS TEKSTIL",'IMPLEMENTASI AQL'!U5:U29,"DELAY") -> 2 | G6: 73 | H6: =ROUND(AVERAGEIF('IMPLEMENTASI AQL'!$E$5:$E$29,B6,'IMPLEMENTASI AQL'!$T$5:$T$29),2) -> 3.8
B7: D&D TEKSTIL | C7: =COUNTIF('IMPLEMENTASI AQL'!$E$5:$E$29,"D&D TEKSTIL") -> 3 | D7: =COUNTIFS('IMPLEMENTASI AQL'!$E$5:$E$29,B7,'IMPLEMENTASI AQL'!$Q$5:$Q$29,"RETURN") -> 0 | E7: =COUNTIF('IMPLEMENTASI AQL'!E5:E29,"D&D TEKSTIL") -> 3 | F7: =COUNTIFS('IMPLEMENTASI AQL'!E5:E29,"D&D TEKSTIL",'IMPLEMENTASI AQL'!U5:U29,"DELAY") -> 2 | G7: 72 | H7: =ROUND(AVERAGEIF('IMPLEMENTASI AQL'!$E$5:$E$29,B7,'IMPLEMENTASI AQL'!$T$5:$T$29),2) -> 5
J8: KPI UMKM
B10: Vendor | C10: Quality | D10: Delivery | E10: Lead Time Pengiriman | F10: Price | G10: VPI | H10: Ranking | J10: =C10 -> Quality | K10: 0.5
B11: =B5 -> SURYA SANTOSA | C11: =((C5-D5)/C5)*100 -> 100 | D11: =(E5-F5)/E5*100 -> 100 | E11: =ROUND((MAX($H$5:$H$7)-H5)/(MAX($H$5:$H$7)-MIN($H$5:$H$7))*100,2) -> 100 | F11: =((G7/G5)*100) -> 96 | G11: =(C11*$K$10)+(D11*$K$11)+(F11*$K$12)+(E11*$K$13) -> 99.2 | H11: =RANK(G11,$G$11:$G$13,0) -> 1 | J11: =D10 -> Delivery | K11: 0.15
B12: =B6 -> FOCUS TEKSTIL | C12: =((C6-D6)/C6)*100 -> 40 | D12: =(E6-F6)/E6*100 -> 60 | E12: =ROUND((MAX($H$5:$H$7)-H6)/(MAX($H$5:$H$7)-MIN($H$5:$H$7))*100,2) -> 80 | F12: =((G7/G6)*100) -> 98.630137 | G12: =(C12*$K$10)+(D12*$K$11)+(F12*$K$12)+(E12*$K$13) -> 60.726027 | H12: =RANK(G12,$G$11:$G$13,0) -> 3 | J12: =F10 -> Price | K12: 0.2
B13: =B7 -> D&D TEKSTIL | C13: =((C7-D7)/C7)*100 -> 100 | D13: =(E7-F7)/E7*100 -> 33.333333 | E13: =ROUND((MAX($H$5:$H$7)-H7)/(MAX($H$5:$H$7)-MIN($H$5:$H$7))*100,2) -> 0 | F13: =((G7/G7)*100) -> 100 | G13: =(C13*$K$10)+(D13*$K$11)+(F13*$K$12)+(E13*$K$13) -> 75 | H13: =RANK(G13,$G$11:$G$13,0) -> 2 | J13: Lead time pengiriman | K13: 0.15

Sheet IMPLEMENTASI FIFO
E1: K-1-PUTIH | P1: K-1-ABU-ABU | AA1: K-1-HITAM
B2: SISA STOK | C2: =SUM(B5:B50) -> 60 | M2: SISA STOK | N2: =SUM(M5:M50) -> 160 | X2: SISA STOK | Y2: =SUM(X5:X50) -> 258
B4: SISA STOK (KG) | C4: TANGGAL | D4: BARANG (IN/OUT) | E4: KODE MATERIAL | F4: VENDOR | G4: MASUK (KG) | H4: KELUAR (KG) | I4: AMBIL BARANG DI TGL | J4: KumJ4:K33ulatif Masuk (kg) | K4: Kumulatif Keluar (kg) | M4: SISA STOK (KG) | N4: TANGGAL | O4: BARANG (IN/OUT) | P4: KODE MATERIAL | Q4: VENDOR | R4: MASUK (KG) | S4: KELUAR (KG) | T4: AMBIL BARANG DI TGL | U4: KumJ4:K33ulatif Masuk (kg) | V4: Kumulatif Keluar (kg) | X4: Sisa Stok Batch Ini (kg) | Y4: Tanggal | Z4: BARANG (IN/OUT) | AA4: KODE MATERIAL | AB4: VENDOR | AC4: MASUK (KG) | AD4: KELUAR (KG) | AE4: AMBIL BARANG DI TGL | AF4: KumJ4:K33ulatif Masuk (kg) | AG4: Kumulatif Keluar (kg)
B5: =IF(C5="","",IF(D5<>"IN","-",MAX(0,MIN(G5,J5-$K$33)))) -> 0 | C5: 1 Juni 2026 | D5: IN | E5: K-1-PUTIH | F5: SURYA SANTOSA | G5: 200 | I5: =IF(D5="IN","-",IF(K5>J5,"Stok Tidak Cukup / Cek Ulang",INDEX($C$5:C5,COUNTIF($J$5:J5,"<"&K5)+1))) -> - | J5: =SUM($G$5:G5) -> 200 | K5: =SUM($H$5:H5) -> 0 | M5: =IF(N5="","",IF(O5<>"IN","-",MAX(0,MIN(R5,U5-$V$33)))) -> 0 | N5: 1 Juni 2026 | O5: IN | P5: K-1-ABU-ABU | Q5: SURYA SANTOSA | R5: 70 | T5: =IF(O5="IN","-",IF(V5>U5,"Stok Tidak Cukup / Cek Ulang",INDEX($N$5:N5,COUNTIF($U$5:U5,"<"&V5)+1))) -> - | U5: =SUM($R$5:R5) -> 70 | V5: =SUM($S$5:S5) -> 0 | X5: =IF(Y5="","",IF(Z5<>"IN","-",MAX(0,MIN(AC5,AF5-$AG$33)))) -> 0 | Y5: 1 Juni 2026 | Z5: IN | AA5: K-1-HITAM | AB5: SURYA SANTOSA | AC5: 500 | AE5: =IF(Z5="IN","-",IF(AG5>AF5,"Stok Tidak Cukup / Cek Ulang",INDEX($Y$5:Y5,COUNTIF($AF$5:AF5,"<"&AG5)+1))) -> - | AF5: =SUM($AC$5:AC5) -> 500 | AG5: =SUM($AD$5:AD5) -> 0
B6: =IF(C6="","",IF(D6<>"IN","-",MAX(0,MIN(G6,J6-$K$33)))) -> 0 | C6: 2 Juni 2026 | D6: IN | E6: K-1-PUTIH | F6: SURYA SANTOSA | G6: 150 | I6: =IF(D6="IN","-",IF(K6>J6,"Stok Tidak Cukup / Cek Ulang",INDEX($C$5:C6,COUNTIF($J$5:J6,"<"&K6)+1))) -> - | J6: =SUM($G$5:G6) -> 350 | K6: =SUM($H$5:H6) -> 0 | M6: =IF(N6="","",IF(O6<>"IN","-",MAX(0,MIN(R6,U6-$V$33)))) -> 0 | N6: 2 Juni 2026 | O6: IN | P6: K-1-ABU-ABU | Q6: D&D TEKSTIL | R6: 120 | T6: =IF(O6="IN","-",IF(V6>U6,"Stok Tidak Cukup / Cek Ulang",INDEX($N$5:N6,COUNTIF($U$5:U6,"<"&V6)+1))) -> - | U6: =SUM($R$5:R6) -> 190 | V6: =SUM($S$5:S6) -> 0 | X6: =IF(Y6="","",IF(Z6<>"IN","-",MAX(0,MIN(AC6,AF6-$AG$33)))) -> 0 | Y6: 2 Juni 2026 | Z6: IN | AA6: K-1-HITAM | AB6: FOCUS TEKSTIL | AC6: 100 | AE6: =IF(Z6="IN","-",IF(AG6>AF6,"Stok Tidak Cukup / Cek Ulang",INDEX($Y$5:Y6,COUNTIF($AF$5:AF6,"<"&AG6)+1))) -> - | AF6: =SUM($AC$5:AC6) -> 600 | AG6: =SUM($AD$5:AD6) -> 0
B7: =IF(C7="","",IF(D7<>"IN","-",MAX(0,MIN(G7,J7-$K$33)))) -> 0 | C7: 3 Juni 2026 | D7: IN | E7: K-1-PUTIH | F7: FOCUS TEKSTIL | G7: 30 | I7: =IF(D7="IN","-",IF(K7>J7,"Stok Tidak Cukup / Cek Ulang",INDEX($C$5:C7,COUNTIF($J$5:J7,"<"&K7)+1))) -> - | J7: =SUM($G$5:G7) -> 380 | K7: =SUM($H$5:H7) -> 0 | M7: =IF(N7="","",IF(O7<>"IN","-",MAX(0,MIN(R7,U7-$V$33)))) -> 0 | N7: 3 Juni 2026 | O7: IN | P7: K-1-ABU-ABU | Q7: FOCUS TEKSTIL | R7: 100 | T7: =IF(O7="IN","-",IF(V7>U7,"Stok Tidak Cukup / Cek Ulang",INDEX($N$5:N7,COUNTIF($U$5:U7,"<"&V7)+1))) -> - | U7: =SUM($R$5:R7) -> 290 | V7: =SUM($S$5:S7) -> 0 | X7: =IF(Y7="","",IF(Z7<>"IN","-",MAX(0,MIN(AC7,AF7-$AG$33)))) -> 0 | Y7: 3 Juni 2026 | Z7: IN | AA7: K-1-HITAM | AB7: FOCUS TEKSTIL | AC7: 98 | AE7: =IF(Z7="IN","-",IF(AG7>AF7,"Stok Tidak Cukup / Cek Ulang",INDEX($Y$5:Y7,COUNTIF($AF$5:AF7,"<"&AG7)+1))) -> - | AF7: =SUM($AC$5:AC7) -> 698 | AG7: =SUM($AD$5:AD7) -> 0
B8: =IF(C8="","",IF(D8<>"IN","-",MAX(0,MIN(G8,J8-$K$33)))) -> 0 | C8: 4 Juni 2026 | D8: IN | E8: K-1-PUTIH | F8: D&D TEKSTIL | G8: 100 | I8: =IF(D8="IN","-",IF(K8>J8,"Stok Tidak Cukup / Cek Ulang",INDEX($C$5:C8,COUNTIF($J$5:J8,"<"&K8)+1))) -> - | J8: =SUM($G$5:G8) -> 480 | K8: =SUM($H$5:H8) -> 0 | M8: =IF(N8="","",IF(O8<>"IN","-",MAX(0,MIN(R8,U8-$V$33)))) -> 0 | N8: 4 Juni 2026 | O8: IN | P8: K-1-ABU-ABU | Q8: FOCUS TEKSTIL | R8: 50 | T8: =IF(O8="IN","-",IF(V8>U8,"Stok Tidak Cukup / Cek Ulang",INDEX($N$5:N8,COUNTIF($U$5:U8,"<"&V8)+1))) -> - | U8: =SUM($R$5:R8) -> 340 | V8: =SUM($S$5:S8) -> 0 | X8: =IF(Y8="","",IF(Z8<>"IN","-",MAX(0,MIN(AC8,AF8-$AG$33)))) -> 0 | Y8: 4 Juni 2026 | Z8: IN | AA8: K-1-HITAM | AB8: FOCUS TEKSTIL | AC8: 100 | AE8: =IF(Z8="IN","-",IF(AG8>AF8,"Stok Tidak Cukup / Cek Ulang",INDEX($Y$5:Y8,COUNTIF($AF$5:AF8,"<"&AG8)+1))) -> - | AF8: =SUM($AC$5:AC8) -> 798 | AG8: =SUM($AD$5:AD8) -> 0
B9: =IF(C9="","",IF(D9<>"IN","-",MAX(0,MIN(G9,J9-$K$33)))) -> 0 | C9: 5 Juni 2026 | D9: IN | E9: K-1-PUTIH | F9: D&D TEKSTIL | G9: 230 | I9: =IF(D9="IN","-",IF(K9>J9,"Stok Tidak Cukup / Cek Ulang",INDEX($C$5:C9,COUNTIF($J$5:J9,"<"&K9)+1))) -> - | J9: =SUM($G$5:G9) -> 710 | K9: =SUM($H$5:H9) -> 0 | M9: =IF(N9="","",IF(O9<>"IN","-",MAX(0,MIN(R9,U9-$V$33)))) -> 0 | N9: 5 Juni 2026 | O9: IN | P9: K-1-ABU-ABU | Q9: FOCUS TEKSTIL | R9: 300 | T9: =IF(O9="IN","-",IF(V9>U9,"Stok Tidak Cukup / Cek Ulang",INDEX($N$5:N9,COUNTIF($U$5:U9,"<"&V9)+1))) -> - | U9: =SUM($R$5:R9) -> 640 | V9: =SUM($S$5:S9) -> 0 | X9: =IF(Y9="","",IF(Z9<>"IN","-",MAX(0,MIN(AC9,AF9-$AG$33)))) -> 8 | Y9: 5 Juni 2026 | Z9: IN | AA9: K-1-HITAM | AB9: FOCUS TEKSTIL | AC9: 250 | AE9: =IF(Z9="IN","-",IF(AG9>AF9,"Stok Tidak Cukup / Cek Ulang",INDEX($Y$5:Y9,COUNTIF($AF$5:AF9,"<"&AG9)+1))) -> - | AF9: =SUM($AC$5:AC9) -> 1048 | AG9: =SUM($AD$5:AD9) -> 0
B10: =IF(C10="","",IF(D10<>"IN","-",MAX(0,MIN(G10,J10-$K$33)))) -> - | C10: 6 Juni 2026 | D10: OUT | E10: K-1-PUTIH | F10: - | H10: 160 | I10: =IF(C10="","",IF(D10="IN","-",IF(K10>J10,"Stok Tidak Cukup / Cek Ulang",INDEX($C$5:C10,COUNTIF($J$5:J10,"<"&K10)+1)))) -> 1 Juni 2026 | J10: =SUM($G$5:G10) -> 710 | K10: =SUM($H$5:H10) -> 160 | M10: =IF(N10="","",IF(O10<>"IN","-",MAX(0,MIN(R10,U10-$V$33)))) -> - | N10: 6 Juni 2026 | O10: OUT | P10: K-1-ABU-ABU | Q10: - | S10: 50 | T10: =IF(N10="","",IF(O10="IN","-",IF(V10>U10,"Stok Tidak Cukup / Cek Ulang",INDEX($N$5:N10,COUNTIF($U$5:U10,"<"&V10)+1)))) -> 1 Juni 2026 | U10: =SUM($R$5:R10) -> 640 | V10: =SUM($S$5:S10) -> 50 | X10: =IF(Y10="","",IF(Z10<>"IN","-",MAX(0,MIN(AC10,AF10-$AG$33)))) -> - | Y10: 6 Juni 2026 | Z10: OUT | AA10: K-1-HITAM | AB10: - | AD10: 50 | AE10: =IF(Y10="","",IF(Z10="IN","-",IF(AG10>AF10,"Stok Tidak Cukup / Cek Ulang",INDEX($Y$5:Y10,COUNTIF($AF$5:AF10,"<"&AG10)+1)))) -> 1 Juni 2026 | AF10: =SUM($AC$5:AC10) -> 1048 | AG10: =SUM($AD$5:AD10) -> 50 | AI10: JENIS | AJ10: KODE MATERIAL | AK10: VENDOR
B11: =IF(C11="","",IF(D11<>"IN","-",MAX(0,MIN(G11,J11-$K$33)))) -> 0 | C11: 7 Juni 2026 | D11: IN | E11: K-1-PUTIH | F11: FOCUS TEKSTIL | G11: 100 | I11: =IF(C11="","",IF(D11="IN","-",IF(K11>J11,"Stok Tidak Cukup / Cek Ulang",INDEX($C$5:C11,COUNTIF($J$5:J11,"<"&K11)+1)))) -> - | J11: =SUM($G$5:G11) -> 810 | K11: =SUM($H$5:H11) -> 160 | M11: =IF(N11="","",IF(O11<>"IN","-",MAX(0,MIN(R11,U11-$V$33)))) -> 50 | N11: 7 Juni 2026 | O11: IN | P11: K-1-ABU-ABU | Q11: SURYA SANTOSA | R11: 150 | T11: =IF(N11="","",IF(O11="IN","-",IF(V11>U11,"Stok Tidak Cukup / Cek Ulang",INDEX($N$5:N11,COUNTIF($U$5:U11,"<"&V11)+1)))) -> - | U11: =SUM($R$5:R11) -> 790 | V11: =SUM($S$5:S11) -> 50 | X11: =IF(Y11="","",IF(Z11<>"IN","-",MAX(0,MIN(AC11,AF11-$AG$33)))) -> 100 | Y11: 7 Juni 2026 | Z11: IN | AA11: K-1-HITAM | AB11: FOCUS TEKSTIL | AC11: 100 | AE11: =IF(Y11="","",IF(Z11="IN","-",IF(AG11>AF11,"Stok Tidak Cukup / Cek Ulang",INDEX($Y$5:Y11,COUNTIF($AF$5:AF11,"<"&AG11)+1)))) -> - | AF11: =SUM($AC$5:AC11) -> 1148 | AG11: =SUM($AD$5:AD11) -> 50 | AI11: IN | AJ11: K-1-PUTIH | AK11: SURYA SANTOSA
B12: =IF(C12="","",IF(D12<>"IN","-",MAX(0,MIN(G12,J12-$K$33)))) -> - | C12: 8 JUNI 2026 | D12: OUT | E12: K-1-PUTIH | F12: - | H12: 200 | I12: =IF(C12="","",IF(D12="IN","-",IF(K12>J12,"Stok Tidak Cukup / Cek Ulang",INDEX($C$5:C12,COUNTIF($J$5:J12,"<"&K12)+1)))) -> 3 Juni 2026 | J12: =SUM($G$5:G12) -> 810 | K12: =SUM($H$5:H12) -> 360 | M12: =IF(N12="","",IF(O12<>"IN","-",MAX(0,MIN(R12,U12-$V$33)))) -> - | N12: 8 JUNI 2026 | O12: OUT | P12: K-1-ABU-ABU | Q12: - | S12: 120 | T12: =IF(N12="","",IF(O12="IN","-",IF(V12>U12,"Stok Tidak Cukup / Cek Ulang",INDEX($N$5:N12,COUNTIF($U$5:U12,"<"&V12)+1)))) -> 2 Juni 2026 | U12: =SUM($R$5:R12) -> 790 | V12: =SUM($S$5:S12) -> 170 | X12: =IF(Y12="","",IF(Z12<>"IN","-",MAX(0,MIN(AC12,AF12-$AG$33)))) -> - | Y12: 8 JUNI 2026 | Z12: OUT | AA12: K-1-HITAM | AB12: - | AD12: 120 | AE12: =IF(Y12="","",IF(Z12="IN","-",IF(AG12>AF12,"Stok Tidak Cukup / Cek Ulang",INDEX($Y$5:Y12,COUNTIF($AF$5:AF12,"<"&AG12)+1)))) -> 1 Juni 2026 | AF12: =SUM($AC$5:AC12) -> 1148 | AG12: =SUM($AD$5:AD12) -> 170 | AI12: OUT | AJ12: K-1-HITAM | AK12: FOCUS TEKSTIL
B13: =IF(C13="","",IF(D13<>"IN","-",MAX(0,MIN(G13,J13-$K$33)))) -> - | C13: 9 JUNI 2026 | D13: OUT | E13: K-1-PUTIH | F13: - | H13: 120 | I13: =IF(C13="","",IF(D13="IN","-",IF(K13>J13,"Stok Tidak Cukup / Cek Ulang",INDEX($C$5:C13,COUNTIF($J$5:J13,"<"&K13)+1)))) -> 4 Juni 2026 | J13: =SUM($G$5:G13) -> 810 | K13: =SUM($H$5:H13) -> 480 | M13: =IF(N13="","",IF(O13<>"IN","-",MAX(0,MIN(R13,U13-$V$33)))) -> - | N13: 9 JUNI 2026 | O13: OUT | P13: K-1-ABU-ABU | Q13: - | S13: 20 | T13: =IF(N13="","",IF(O13="IN","-",IF(V13>U13,"Stok Tidak Cukup / Cek Ulang",INDEX($N$5:N13,COUNTIF($U$5:U13,"<"&V13)+1)))) -> 2 Juni 2026 | U13: =SUM($R$5:R13) -> 790 | V13: =SUM($S$5:S13) -> 190 | X13: =IF(Y13="","",IF(Z13<>"IN","-",MAX(0,MIN(AC13,AF13-$AG$33)))) -> - | Y13: 9 JUNI 2026 | Z13: OUT | AA13: K-1-HITAM | AB13: - | AD13: 20 | AE13: =IF(Y13="","",IF(Z13="IN","-",IF(AG13>AF13,"Stok Tidak Cukup / Cek Ulang",INDEX($Y$5:Y13,COUNTIF($AF$5:AF13,"<"&AG13)+1)))) -> 1 Juni 2026 | AF13: =SUM($AC$5:AC13) -> 1148 | AG13: =SUM($AD$5:AD13) -> 190 | AJ13: K-1-ABU-ABU | AK13: D&D TEKSTIL
B14: =IF(C14="","",IF(D14<>"IN","-",MAX(0,MIN(G14,J14-$K$33)))) -> - | C14: 10 JUNI 2026 | D14: OUT | E14: K-1-PUTIH | F14: - | H14: 230 | I14: =IF(C14="","",IF(D14="IN","-",IF(K14>J14,"Stok Tidak Cukup / Cek Ulang",INDEX($C$5:C14,COUNTIF($J$5:J14,"<"&K14)+1)))) -> 5 Juni 2026 | J14: =SUM($G$5:G14) -> 810 | K14: =SUM($H$5:H14) -> 710 | M14: =IF(N14="","",IF(O14<>"IN","-",MAX(0,MIN(R14,U14-$V$33)))) -> - | N14: 10 JUNI 2026 | O14: OUT | P14: K-1-ABU-ABU | Q14: - | S14: 300 | T14: =IF(N14="","",IF(O14="IN","-",IF(V14>U14,"Stok Tidak Cukup / Cek Ulang",INDEX($N$5:N14,COUNTIF($U$5:U14,"<"&V14)+1)))) -> 5 Juni 2026 | U14: =SUM($R$5:R14) -> 790 | V14: =SUM($S$5:S14) -> 490 | X14: =IF(Y14="","",IF(Z14<>"IN","-",MAX(0,MIN(AC14,AF14-$AG$33)))) -> - | Y14: 10 JUNI 2026 | Z14: OUT | AA14: K-1-HITAM | AB14: - | AD14: 300 | AE14: =IF(Y14="","",IF(Z14="IN","-",IF(AG14>AF14,"Stok Tidak Cukup / Cek Ulang",INDEX($Y$5:Y14,COUNTIF($AF$5:AF14,"<"&AG14)+1)))) -> 1 Juni 2026 | AF14: =SUM($AC$5:AC14) -> 1148 | AG14: =SUM($AD$5:AD14) -> 490 | AK14: -
B15: =IF(C15="","",IF(D15<>"IN","-",MAX(0,MIN(G15,J15-$K$33)))) -> 60 | C15: 11 JUNI 2026 | D15: IN | E15: K-1-PUTIH | F15: D&D TEKSTIL | G15: 150 | I15: =IF(C15="","",IF(D15="IN","-",IF(K15>J15,"Stok Tidak Cukup / Cek Ulang",INDEX($C$5:C15,COUNTIF($J$5:J15,"<"&K15)+1)))) -> - | J15: =SUM($G$5:G15) -> 960 | K15: =SUM($H$5:H15) -> 710 | M15: =IF(N15="","",IF(O15<>"IN","-",MAX(0,MIN(R15,U15-$V$33)))) -> 110 | N15: 11 JUNI 2026 | O15: IN | P15: K-1-ABU-ABU | Q15: D&D TEKSTIL | R15: 110 | T15: =IF(N15="","",IF(O15="IN","-",IF(V15>U15,"Stok Tidak Cukup / Cek Ulang",INDEX($N$5:N15,COUNTIF($U$5:U15,"<"&V15)+1)))) -> - | U15: =SUM($R$5:R15) -> 900 | V15: =SUM($S$5:S15) -> 490 | X15: =IF(Y15="","",IF(Z15<>"IN","-",MAX(0,MIN(AC15,AF15-$AG$33)))) -> 150 | Y15: 11 JUNI 2026 | Z15: IN | AA15: K-1-HITAM | AB15: D&D TEKSTIL | AC15: 150 | AE15: =IF(Y15="","",IF(Z15="IN","-",IF(AG15>AF15,"Stok Tidak Cukup / Cek Ulang",INDEX($Y$5:Y15,COUNTIF($AF$5:AF15,"<"&AG15)+1)))) -> - | AF15: =SUM($AC$5:AC15) -> 1298 | AG15: =SUM($AD$5:AD15) -> 490
B16: =IF(C16="","",IF(D16<>"IN","-",MAX(0,MIN(G16,J16-$K$33)))) -> - | C16: 12 JUNI 2026 | D16: OUT | E16: K-1-PUTIH | F16: - | H16: 120 | I16: =IF(C16="","",IF(D16="IN","-",IF(K16>J16,"Stok Tidak Cukup / Cek Ulang",INDEX($C$5:C16,COUNTIF($J$5:J16,"<"&K16)+1)))) -> 11 JUNI 2026 | J16: =SUM($G$5:G16) -> 960 | K16: =SUM($H$5:H16) -> 830 | M16: =IF(N16="","",IF(O16<>"IN","-",MAX(0,MIN(R16,U16-$V$33)))) -> - | N16: 12 JUNI 2026 | O16: OUT | P16: K-1-ABU-ABU | Q16: - | S16: 150 | T16: =IF(N16="","",IF(O16="IN","-",IF(V16>U16,"Stok Tidak Cukup / Cek Ulang",INDEX($N$5:N16,COUNTIF($U$5:U16,"<"&V16)+1)))) -> 5 Juni 2026 | U16: =SUM($R$5:R16) -> 900 | V16: =SUM($S$5:S16) -> 640 | X16: =IF(Y16="","",IF(Z16<>"IN","-",MAX(0,MIN(AC16,AF16-$AG$33)))) -> - | Y16: 12 JUNI 2026 | Z16: OUT | AA16: K-1-HITAM | AB16: - | AD16: 150 | AE16: =IF(Y16="","",IF(Z16="IN","-",IF(AG16>AF16,"Stok Tidak Cukup / Cek Ulang",INDEX($Y$5:Y16,COUNTIF($AF$5:AF16,"<"&AG16)+1)))) -> 3 Juni 2026 | AF16: =SUM($AC$5:AC16) -> 1298 | AG16: =SUM($AD$5:AD16) -> 640
B17: =IF(C17="","",IF(D17<>"IN","-",MAX(0,MIN(G17,J17-$K$33)))) -> - | C17: 13 JUNI 2026 | D17: OUT | E17: K-1-PUTIH | F17: - | H17: 70 | I17: =IF(C17="","",IF(D17="IN","-",IF(K17>J17,"Stok Tidak Cukup / Cek Ulang",INDEX($C$5:C17,COUNTIF($J$5:J17,"<"&K17)+1)))) -> 11 JUNI 2026 | J17: =SUM($G$5:G17) -> 960 | K17: =SUM($H$5:H17) -> 900 | M17: =IF(N17="","",IF(O17<>"IN","-",MAX(0,MIN(R17,U17-$V$33)))) -> - | N17: 13 JUNI 2026 | O17: OUT | P17: K-1-ABU-ABU | Q17: - | S17: 100 | T17: =IF(N17="","",IF(O17="IN","-",IF(V17>U17,"Stok Tidak Cukup / Cek Ulang",INDEX($N$5:N17,COUNTIF($U$5:U17,"<"&V17)+1)))) -> 7 Juni 2026 | U17: =SUM($R$5:R17) -> 900 | V17: =SUM($S$5:S17) -> 740 | X17: =IF(Y17="","",IF(Z17<>"IN","-",MAX(0,MIN(AC17,AF17-$AG$33)))) -> - | Y17: 13 JUNI 2026 | Z17: OUT | AA17: K-1-HITAM | AB17: - | AD17: 400 | AE17: =IF(Y17="","",IF(Z17="IN","-",IF(AG17>AF17,"Stok Tidak Cukup / Cek Ulang",INDEX($Y$5:Y17,COUNTIF($AF$5:AF17,"<"&AG17)+1)))) -> 5 Juni 2026 | AF17: =SUM($AC$5:AC17) -> 1298 | AG17: =SUM($AD$5:AD17) -> 1040
B18: =IF(C18="","",IF(D18<>"IN","-",MAX(0,MIN(G18,J18-$K$33)))) | I18: =IF(C18="","",IF(D18="IN","-",IF(K18>J18,"Stok Tidak Cukup / Cek Ulang",INDEX($C$5:C18,COUNTIF($J$5:J18,"<"&K18)+1)))) | J18: =SUM($G$5:G18) -> 960 | K18: =SUM($H$5:H18) -> 900 | M18: =IF(N18="","",IF(O18<>"IN","-",MAX(0,MIN(R18,U18-$V$33)))) | T18: =IF(N18="","",IF(O18="IN","-",IF(V18>U18,"Stok Tidak Cukup / Cek Ulang",INDEX($N$5:N18,COUNTIF($U$5:U18,"<"&V18)+1)))) | U18: =SUM($R$5:R18) -> 900 | V18: =SUM($S$5:S18) -> 740 | X18: =IF(Y18="","",IF(Z18<>"IN","-",MAX(0,MIN(AC18,AF18-$AG$33)))) | AE18: =IF(Y18="","",IF(Z18="IN","-",IF(AG18>AF18,"Stok Tidak Cukup / Cek Ulang",INDEX($Y$5:Y18,COUNTIF($AF$5:AF18,"<"&AG18)+1)))) | AF18: =SUM($AC$5:AC18) -> 1298 | AG18: =SUM($AD$5:AD18) -> 1040
B19: =IF(C19="","",IF(D19<>"IN","-",MAX(0,MIN(G19,J19-$K$33)))) | I19: =IF(C19="","",IF(D19="IN","-",IF(K19>J19,"Stok Tidak Cukup / Cek Ulang",INDEX($C$5:C19,COUNTIF($J$5:J19,"<"&K19)+1)))) | J19: =SUM($G$5:G19) -> 960 | K19: =SUM($H$5:H19) -> 900 | M19: =IF(N19="","",IF(O19<>"IN","-",MAX(0,MIN(R19,U19-$V$33)))) | T19: =IF(N19="","",IF(O19="IN","-",IF(V19>U19,"Stok Tidak Cukup / Cek Ulang",INDEX($N$5:N19,COUNTIF($U$5:U19,"<"&V19)+1)))) | U19: =SUM($R$5:R19) -> 900 | V19: =SUM($S$5:S19) -> 740 | X19: =IF(Y19="","",IF(Z19<>"IN","-",MAX(0,MIN(AC19,AF19-$AG$33)))) | AE19: =IF(Y19="","",IF(Z19="IN","-",IF(AG19>AF19,"Stok Tidak Cukup / Cek Ulang",INDEX($Y$5:Y19,COUNTIF($AF$5:AF19,"<"&AG19)+1)))) | AF19: =SUM($AC$5:AC19) -> 1298 | AG19: =SUM($AD$5:AD19) -> 1040
B20: =IF(C20="","",IF(D20<>"IN","-",MAX(0,MIN(G20,J20-$K$33)))) | I20: =IF(C20="","",IF(D20="IN","-",IF(K20>J20,"Stok Tidak Cukup / Cek Ulang",INDEX($C$5:C20,COUNTIF($J$5:J20,"<"&K20)+1)))) | J20: =SUM($G$5:G20) -> 960 | K20: =SUM($H$5:H20) -> 900 | M20: =IF(N20="","",IF(O20<>"IN","-",MAX(0,MIN(R20,U20-$V$33)))) | T20: =IF(N20="","",IF(O20="IN","-",IF(V20>U20,"Stok Tidak Cukup / Cek Ulang",INDEX($N$5:N20,COUNTIF($U$5:U20,"<"&V20)+1)))) | U20: =SUM($R$5:R20) -> 900 | V20: =SUM($S$5:S20) -> 740 | X20: =IF(Y20="","",IF(Z20<>"IN","-",MAX(0,MIN(AC20,AF20-$AG$33)))) | AE20: =IF(Y20="","",IF(Z20="IN","-",IF(AG20>AF20,"Stok Tidak Cukup / Cek Ulang",INDEX($Y$5:Y20,COUNTIF($AF$5:AF20,"<"&AG20)+1)))) | AF20: =SUM($AC$5:AC20) -> 1298 | AG20: =SUM($AD$5:AD20) -> 1040
B21: =IF(C21="","",IF(D21<>"IN","-",MAX(0,MIN(G21,J21-$K$33)))) | I21: =IF(C21="","",IF(D21="IN","-",IF(K21>J21,"Stok Tidak Cukup / Cek Ulang",INDEX($C$5:C21,COUNTIF($J$5:J21,"<"&K21)+1)))) | J21: =SUM($G$5:G21) -> 960 | K21: =SUM($H$5:H21) -> 900 | M21: =IF(N21="","",IF(O21<>"IN","-",MAX(0,MIN(R21,U21-$V$33)))) | T21: =IF(N21="","",IF(O21="IN","-",IF(V21>U21,"Stok Tidak Cukup / Cek Ulang",INDEX($N$5:N21,COUNTIF($U$5:U21,"<"&V21)+1)))) | U21: =SUM($R$5:R21) -> 900 | V21: =SUM($S$5:S21) -> 740 | X21: =IF(Y21="","",IF(Z21<>"IN","-",MAX(0,MIN(AC21,AF21-$AG$33)))) | AE21: =IF(Y21="","",IF(Z21="IN","-",IF(AG21>AF21,"Stok Tidak Cukup / Cek Ulang",INDEX($Y$5:Y21,COUNTIF($AF$5:AF21,"<"&AG21)+1)))) | AF21: =SUM($AC$5:AC21) -> 1298 | AG21: =SUM($AD$5:AD21) -> 1040
B22: =IF(C22="","",IF(D22<>"IN","-",MAX(0,MIN(G22,J22-$K$33)))) | I22: =IF(C22="","",IF(D22="IN","-",IF(K22>J22,"Stok Tidak Cukup / Cek Ulang",INDEX($C$5:C22,COUNTIF($J$5:J22,"<"&K22)+1)))) | J22: =SUM($G$5:G22) -> 960 | K22: =SUM($H$5:H22) -> 900 | M22: =IF(N22="","",IF(O22<>"IN","-",MAX(0,MIN(R22,U22-$V$33)))) | T22: =IF(N22="","",IF(O22="IN","-",IF(V22>U22,"Stok Tidak Cukup / Cek Ulang",INDEX($N$5:N22,COUNTIF($U$5:U22,"<"&V22)+1)))) | U22: =SUM($R$5:R22) -> 900 | V22: =SUM($S$5:S22) -> 740 | X22: =IF(Y22="","",IF(Z22<>"IN","-",MAX(0,MIN(AC22,AF22-$AG$33)))) | AE22: =IF(Y22="","",IF(Z22="IN","-",IF(AG22>AF22,"Stok Tidak Cukup / Cek Ulang",INDEX($Y$5:Y22,COUNTIF($AF$5:AF22,"<"&AG22)+1)))) | AF22: =SUM($AC$5:AC22) -> 1298 | AG22: =SUM($AD$5:AD22) -> 1040
B23: =IF(C23="","",IF(D23<>"IN","-",MAX(0,MIN(G23,J23-$K$33)))) | I23: =IF(C23="","",IF(D23="IN","-",IF(K23>J23,"Stok Tidak Cukup / Cek Ulang",INDEX($C$5:C23,COUNTIF($J$5:J23,"<"&K23)+1)))) | J23: =SUM($G$5:G23) -> 960 | K23: =SUM($H$5:H23) -> 900 | M23: =IF(N23="","",IF(O23<>"IN","-",MAX(0,MIN(R23,U23-$V$33)))) | T23: =IF(N23="","",IF(O23="IN","-",IF(V23>U23,"Stok Tidak Cukup / Cek Ulang",INDEX($N$5:N23,COUNTIF($U$5:U23,"<"&V23)+1)))) | U23: =SUM($R$5:R23) -> 900 | V23: =SUM($S$5:S23) -> 740 | X23: =IF(Y23="","",IF(Z23<>"IN","-",MAX(0,MIN(AC23,AF23-$AG$33)))) | AE23: =IF(Y23="","",IF(Z23="IN","-",IF(AG23>AF23,"Stok Tidak Cukup / Cek Ulang",INDEX($Y$5:Y23,COUNTIF($AF$5:AF23,"<"&AG23)+1)))) | AF23: =SUM($AC$5:AC23) -> 1298 | AG23: =SUM($AD$5:AD23) -> 1040
B24: =IF(C24="","",IF(D24<>"IN","-",MAX(0,MIN(G24,J24-$K$33)))) | I24: =IF(C24="","",IF(D24="IN","-",IF(K24>J24,"Stok Tidak Cukup / Cek Ulang",INDEX($C$5:C24,COUNTIF($J$5:J24,"<"&K24)+1)))) | J24: =SUM($G$5:G24) -> 960 | K24: =SUM($H$5:H24) -> 900 | M24: =IF(N24="","",IF(O24<>"IN","-",MAX(0,MIN(R24,U24-$V$33)))) | T24: =IF(N24="","",IF(O24="IN","-",IF(V24>U24,"Stok Tidak Cukup / Cek Ulang",INDEX($N$5:N24,COUNTIF($U$5:U24,"<"&V24)+1)))) | U24: =SUM($R$5:R24) -> 900 | V24: =SUM($S$5:S24) -> 740 | X24: =IF(Y24="","",IF(Z24<>"IN","-",MAX(0,MIN(AC24,AF24-$AG$33)))) | AE24: =IF(Y24="","",IF(Z24="IN","-",IF(AG24>AF24,"Stok Tidak Cukup / Cek Ulang",INDEX($Y$5:Y24,COUNTIF($AF$5:AF24,"<"&AG24)+1)))) | AF24: =SUM($AC$5:AC24) -> 1298 | AG24: =SUM($AD$5:AD24) -> 1040
B25: =IF(C25="","",IF(D25<>"IN","-",MAX(0,MIN(G25,J25-$K$33)))) | I25: =IF(C25="","",IF(D25="IN","-",IF(K25>J25,"Stok Tidak Cukup / Cek Ulang",INDEX($C$5:C25,COUNTIF($J$5:J25,"<"&K25)+1)))) | J25: =SUM($G$5:G25) -> 960 | K25: =SUM($H$5:H25) -> 900 | M25: =IF(N25="","",IF(O25<>"IN","-",MAX(0,MIN(R25,U25-$V$33)))) | T25: =IF(N25="","",IF(O25="IN","-",IF(V25>U25,"Stok Tidak Cukup / Cek Ulang",INDEX($N$5:N25,COUNTIF($U$5:U25,"<"&V25)+1)))) | U25: =SUM($R$5:R25) -> 900 | V25: =SUM($S$5:S25) -> 740 | X25: =IF(Y25="","",IF(Z25<>"IN","-",MAX(0,MIN(AC25,AF25-$AG$33)))) | AE25: =IF(Y25="","",IF(Z25="IN","-",IF(AG25>AF25,"Stok Tidak Cukup / Cek Ulang",INDEX($Y$5:Y25,COUNTIF($AF$5:AF25,"<"&AG25)+1)))) | AF25: =SUM($AC$5:AC25) -> 1298 | AG25: =SUM($AD$5:AD25) -> 1040
B26: =IF(C26="","",IF(D26<>"IN","-",MAX(0,MIN(G26,J26-$K$33)))) | I26: =IF(C26="","",IF(D26="IN","-",IF(K26>J26,"Stok Tidak Cukup / Cek Ulang",INDEX($C$5:C26,COUNTIF($J$5:J26,"<"&K26)+1)))) | J26: =SUM($G$5:G26) -> 960 | K26: =SUM($H$5:H26) -> 900 | M26: =IF(N26="","",IF(O26<>"IN","-",MAX(0,MIN(R26,U26-$V$33)))) | T26: =IF(N26="","",IF(O26="IN","-",IF(V26>U26,"Stok Tidak Cukup / Cek Ulang",INDEX($N$5:N26,COUNTIF($U$5:U26,"<"&V26)+1)))) | U26: =SUM($R$5:R26) -> 900 | V26: =SUM($S$5:S26) -> 740 | X26: =IF(Y26="","",IF(Z26<>"IN","-",MAX(0,MIN(AC26,AF26-$AG$33)))) | AE26: =IF(Y26="","",IF(Z26="IN","-",IF(AG26>AF26,"Stok Tidak Cukup / Cek Ulang",INDEX($Y$5:Y26,COUNTIF($AF$5:AF26,"<"&AG26)+1)))) | AF26: =SUM($AC$5:AC26) -> 1298 | AG26: =SUM($AD$5:AD26) -> 1040
B27: =IF(C27="","",IF(D27<>"IN","-",MAX(0,MIN(G27,J27-$K$33)))) | I27: =IF(C27="","",IF(D27="IN","-",IF(K27>J27,"Stok Tidak Cukup / Cek Ulang",INDEX($C$5:C27,COUNTIF($J$5:J27,"<"&K27)+1)))) | J27: =SUM($G$5:G27) -> 960 | K27: =SUM($H$5:H27) -> 900 | M27: =IF(N27="","",IF(O27<>"IN","-",MAX(0,MIN(R27,U27-$V$33)))) | T27: =IF(N27="","",IF(O27="IN","-",IF(V27>U27,"Stok Tidak Cukup / Cek Ulang",INDEX($N$5:N27,COUNTIF($U$5:U27,"<"&V27)+1)))) | U27: =SUM($R$5:R27) -> 900 | V27: =SUM($S$5:S27) -> 740 | X27: =IF(Y27="","",IF(Z27<>"IN","-",MAX(0,MIN(AC27,AF27-$AG$33)))) | AE27: =IF(Y27="","",IF(Z27="IN","-",IF(AG27>AF27,"Stok Tidak Cukup / Cek Ulang",INDEX($Y$5:Y27,COUNTIF($AF$5:AF27,"<"&AG27)+1)))) | AF27: =SUM($AC$5:AC27) -> 1298 | AG27: =SUM($AD$5:AD27) -> 1040
B28: =IF(C28="","",IF(D28<>"IN","-",MAX(0,MIN(G28,J28-$K$33)))) | I28: =IF(C28="","",IF(D28="IN","-",IF(K28>J28,"Stok Tidak Cukup / Cek Ulang",INDEX($C$5:C28,COUNTIF($J$5:J28,"<"&K28)+1)))) | J28: =SUM($G$5:G28) -> 960 | K28: =SUM($H$5:H28) -> 900 | M28: =IF(N28="","",IF(O28<>"IN","-",MAX(0,MIN(R28,U28-$V$33)))) | T28: =IF(N28="","",IF(O28="IN","-",IF(V28>U28,"Stok Tidak Cukup / Cek Ulang",INDEX($N$5:N28,COUNTIF($U$5:U28,"<"&V28)+1)))) | U28: =SUM($R$5:R28) -> 900 | V28: =SUM($S$5:S28) -> 740 | X28: =IF(Y28="","",IF(Z28<>"IN","-",MAX(0,MIN(AC28,AF28-$AG$33)))) | AE28: =IF(Y28="","",IF(Z28="IN","-",IF(AG28>AF28,"Stok Tidak Cukup / Cek Ulang",INDEX($Y$5:Y28,COUNTIF($AF$5:AF28,"<"&AG28)+1)))) | AF28: =SUM($AC$5:AC28) -> 1298 | AG28: =SUM($AD$5:AD28) -> 1040
B29: =IF(C29="","",IF(D29<>"IN","-",MAX(0,MIN(G29,J29-$K$33)))) | I29: =IF(C29="","",IF(D29="IN","-",IF(K29>J29,"Stok Tidak Cukup / Cek Ulang",INDEX($C$5:C29,COUNTIF($J$5:J29,"<"&K29)+1)))) | J29: =SUM($G$5:G29) -> 960 | K29: =SUM($H$5:H29) -> 900 | M29: =IF(N29="","",IF(O29<>"IN","-",MAX(0,MIN(R29,U29-$V$33)))) | T29: =IF(N29="","",IF(O29="IN","-",IF(V29>U29,"Stok Tidak Cukup / Cek Ulang",INDEX($N$5:N29,COUNTIF($U$5:U29,"<"&V29)+1)))) | U29: =SUM($R$5:R29) -> 900 | V29: =SUM($S$5:S29) -> 740 | X29: =IF(Y29="","",IF(Z29<>"IN","-",MAX(0,MIN(AC29,AF29-$AG$33)))) | AE29: =IF(Y29="","",IF(Z29="IN","-",IF(AG29>AF29,"Stok Tidak Cukup / Cek Ulang",INDEX($Y$5:Y29,COUNTIF($AF$5:AF29,"<"&AG29)+1)))) | AF29: =SUM($AC$5:AC29) -> 1298 | AG29: =SUM($AD$5:AD29) -> 1040
... B33: =IF(C33="","",IF(D33<>"IN","-",MAX(0,MIN(G33,J33-$K$33)))) | I33: =IF(C33="","",IF(D33="IN","-",IF(K33>J33,"Stok Tidak Cukup / Cek Ulang",INDEX($C$5:C33,COUNTIF($J$5:J33,"<"&K33)+1)))) | J33: =SUM($G$5:G33) -> 960 | K33: =SUM($H$5:H33) -> 900 | M33: =IF(N33="","",IF(O33<>"IN","-",MAX(0,MIN(R33,U33-$V$33)))) | T33: =IF(N33="","",IF(O33="IN","-",IF(V33>U33,"Stok Tidak Cukup / Cek Ulang",INDEX($N$5:N33,COUNTIF($U$5:U33,"<"&V33)+1)))) | U33: =SUM($R$5:R33) -> 900 | V33: =SUM($S$5:S33) -> 740 | X33: =IF(Y33="","",IF(Z33<>"IN","-",MAX(0,MIN(AC33,AF33-$AG$33)))) | AE33: =IF(Y33="","",IF(Z33="IN","-",IF(AG33>AF33,"Stok Tidak Cukup / Cek Ulang",INDEX($Y$5:Y33,COUNTIF($AF$5:AF33,"<"&AG33)+1)))) | AF33: =SUM($AC$5:AC33) -> 1298 | AG33: =SUM($AD$5:AD33) -> 1040
